{"cameraMode":{"drawMode":0,"name":"Shaded","section":"Shading Mode"},"sceneLighting":false,"audioPlay":false,"sceneViewState":{"showFog":false,"showMaterialUpdate":false,"showSkybox":false,"showFlares":false,"showImageEffects":false,"showParticleSystems":false},"in2DMode":false,"pivot":{"x":-26.277475357055665,"y":-102.02333068847656,"z":71.6431884765625},"rotation":{"x":0.3948103189468384,"y":-0.10847653448581696,"z":0.047005295753479007,"w":0.9111241102218628},"size":263.5628662109375,"orthographic":false}