{"cameraMode":{"drawMode":0,"name":"Shaded","section":"Shading Mode"},"sceneLighting":true,"audioPlay":false,"sceneViewState":{"showFog":true,"showMaterialUpdate":true,"showSkybox":true,"showFlares":true,"showImageEffects":true,"showParticleSystems":true},"in2DMode":false,"pivot":{"x":-11.362276077270508,"y":-12.303523063659668,"z":-29.33916664123535},"rotation":{"x":-0.16098760068416596,"y":0.6370583176612854,"z":-0.13835400342941285,"w":-0.7410113215446472},"size":104.62944793701172,"orthographic":false}